Company,Legal Name,Email,Phone,Website,Address,Location,LinkedIn,Facebook
Private Markets Made Visible,Data Within The Searchco Or Its Potential Group,info@inven.ai,,https://www.inven.ai,4.6287 23.3644 24.6287 21.7635v11.6906c24.6287 10.0897 23.3329 8.79205 21.7346 8.79205h20.4562c18.8578 8.79205 17.5621 10.0897 17,Alabama,https://www.linkedin.com/company/inven-ai,
Aora Solar,Aora Solar,hovboard@gmail.com,1509391366360,https://www.aora-solar.com,,Alabama,,
Solarhero,Solarhero Helps Homeowners Find Trusted Solar,legal@solar-hero.com,,https://solar-hero.com,,Alaska,,
Solarpowersystems,A Binding Contract Between You And Substack Inc,support@substack.com,,https://solarpowersystems.substack.com,"Ove To:substack Ccpa Requests548 Market Street Pmb 72296san Francisco, Ca 94104please Note That You Ma",Alabama,,
Solar Power Installation,You And The Protection Of Your Data Arrowfly LLC,info@arrowfly.com,+1 (114) 040-9510,https://www.solarpowerworldonline.com,Svg'%3e%3cpath Fill-rule='evenodd' Clip-rule='evenodd' D='m4 0c4.26522 5.96046e-08 4.51957 0.105357 4.70711 0.292893l7.70711 3.292,Alabama,https://www.linkedin.com/company/solarpowerworld/,https://www.facebook.com/SolarPowerWorld/
Digital Windmill,Renewable Energy,hello@digitalwindmill.com,,https://www.digitalwindmill.com,"Sclosure Programs; Align With International Standards (e.g., Iec 62443 At The Device Level). Stand Up Accredited Test Lab",Alaska,,
Your Ultimate Guide To Residential Solar Energy Solutions,Resident Solar,media@residentsolarpower.com,,https://residentsolarpower.com,"2922,u+2981,u+29bf,u+29eb,u+2b00-2bff,u+4dc0-4dff,u+fff9-fffb,u+10140-1018e,u+10190-1019c,u+101a0,u+101d0-101fd,u+102e0-102fb,u+1",Alaska,https://www.linkedin.com/company/solar-installers-near-me/,
Renewable Energy Systems Alaska,Renewable Energy,9a65e97ebe8141fca0c4fd686f70996b@sentry.wixpress.com,,https://www.renewablealaska.com,,Alaska,,http://www.facebook.com/RESfairbanks/
Solar Energy Installers,Our National Directory Of Solar Energy,support@solarusa.org,,https://solarusa.org,"F=""/sms-terms-and-conditions"" Data-drupal-link-system-path=""node/17089"">sms Terms And Conditions",Alaska,,
"Solar Technology Alabama: Pro Energy Installation, Al",Best Solar,solartechal@gmail.com,,https://solartechnologyalabama.com,,Alabama,,
Solar Rankings,Unbiased Solar,info@nationalsolarratings.com,,https://www.nationalsolarratings.com,,Alabama,,
Home,About - Vulcan Renewable Energy,info@vulcanrenewable.com,,https://vulcansolarpower.com,,Alabama,https://www.linkedin.com/company/vulcan-renewable-energy/,
Solar Company Directory,Privacy Policy - The Solar,info@thesolardirectory.com,,https://www.thesolardirectory.com,,Alaska,https://www.linkedin.com/company/thesolardirectory,https://www.facebook.com/thesolardirectory
Home Improvement And Remodeling,While Boosting Energy,reviewsteam@thisoldhousereviews.com,,https://www.thisoldhouse.com,,Alabama,,https://www.facebook.com/ThisOldHouse
"The Solar Power Directory. Solar Photovoltaic Home Systems, Solar Pool Heating, Solar Hot Water Heating, And Lots More.",The Solar,boudha1@hotmail.com,,https://solarpowerdirectory.com,"La Verne, Ca 91750",Alabama,,
Consumeraffairs®: Research. Review. Resolve.,,0954ab4f6a2d469b816f8ed8a2d0f5da@stderr.consumeraffairs.com,,https://www.consumeraffairs.com,,Alaska,https://www.linkedin.com/company/1388840/,https://www.facebook.com/ConsumerAffairs
Solar Energy Systems In Arizona,About Us - Simple Solar,hello@simplesolar.io,,https://simplesolar.io,,Arizona,,
Forbes,"Copyright 2011-2016 Twitter, Inc",corrections@forbes.com,,https://www.forbes.com,"Forbes Media 499 Washington Blvdjersey City, Nj 07310phone (800) 295-0893"",""type"":""blog"",""follo",Arkansas,,https://www.facebook.com/dialog/feed?app_id=123694841080850&link=https%3A%2F%2Fwww.forbes.com%2Fquote-of-the-day%2F6a5158173facd2312f0ae303%3Futm_source=facebook%26utm_medium=qotd%26utm_campaign=6a5158173facd2312f0ae303&quote=Quote%20Of%20The%20Day%20via%20@Forbes
Dreamy Leads Research,"High-intent Leads Across Insurance, Mortgage, Solar",dreamy@dreamyleads.com,,https://dreamyleads.com,"Ess Healthlite, Llc (dba Dreamy Leads Research)15257 Amberly Drste 407tampa, Fl 33647 Dream",Arizona,https://www.linkedin.com/company/dreamy-leads,https://www.facebook.com/dreamyleads
Arizona Solar Panel Repair & Maintenance,Arizona Solar,john@example.com,+1 (480) 470-1023,https://sunnyenergyrx.com,,Arizona,,https://www.facebook.com/profile.php?id=61578124453949
Solar Power,Arkansas Solar Power Inc,2062d0a4929b45348643784b5cb39c36@sentry.wixpress.com,,https://www.arsolarpowerinc.com,,Arkansas,https://www.linkedin.com/company/arkansas-solar-power-inc/,https://www.facebook.com/ARSolarPowerInc
Ecowatch,Having Energy,,594550488,https://www.ecowatch.com,,Alaska,,https://www.facebook.com/EcoWatch
Solartiqo,Solartiqo Is A Trusted B2B And B2C Solar,connect@solartiqo.com,,https://www.solartiqo.com,,Arizona,https://www.linkedin.com/company/solartiqo-find-your-right-solar-vendors/,https://www.facebook.com/profile.php?id=61576752105142
Consumer Guide To Home Solar Panels,Lets Go Solar,info@letsgosolar.com,,https://www.letsgosolar.com,,Alabama,,https://www.facebook.com/OfficialLetsGoSolar/
Surgepv,Solar Energy Terms. Clear Definitions For Solar,hello@surgepv.com,,https://www.surgepv.com,"Fill=""none"" Stroke-width=""2""><path D=""m12.5742 2.38623c12.8573 1.70437 13.7863 1.70353 14.0703 2.38623l15.2939 5.33447c16.3988 7.9",Arkansas,https://www.linkedin.com/company/surgepv-official/,https://www.facebook.com/surgepv/
Nrg Clean Power,California Solar,info@solaroptimum.com,,https://nrgcleanpower.com,9' Viewbox='0 0 29 29' Xmlns='http://www.w3.org/2000/svg' Fill='%23333'%3e%3cpath D='m10 13c-.75 0-1.5.75-1.5 1.5s9.25 16 10 16h9c,California,,https://www.facebook.com/nrgcleanpower/
California Solar Installers – Residential Solar Solutions,California Solar,info@californiasolarinstallers.com,,https://californiasolarinstallers.com,"U. Corporate Hq 2801 W Coast Hwy, Ste 200 Newport Beach, Ca 92660 Contact Info 855-346-3888 Info@californiasolarinstallers.c",California,,
Solar Renewable Energy Contractors Company In California,Contractor To Self-perform All Your Renewable Energy,info@calsolarinc.com,,https://calsolarinc.com,,California,https://www.linkedin.com/company/cal-solar-inc.,
Solar Energy Companies,,,202405261,https://www.goodsolarcompany.com,,Connecticut,,
Lunex Power,Share Solar,info@lunexpower.com,,https://www.lunexpower.com,,Connecticut,https://www.linkedin.com/company/lunex-power-inc/,https://www.facebook.com/Lunexpowerinc
Sandbox Solar,Sandbox Solar,sales@sandboxsolar.com,,https://sandboxsolar.com,,Colorado,https://www.linkedin.com/company/sandbox-solar-llc,https://www.facebook.com/sandboxsolar
Arizona's #1 Solar Panel & Home Storage Battery Installer,Solar Topps Solar,connect@solartopps.com,,https://www.solartopps.com,,Arizona,,https://www.facebook.com/solartopps/
"Solar Energy Company In Joplin, Fayetteville, & Little Rock",Commercial Solar,info@suncityenergy.com,,https://suncityenergy.com,,Arkansas,https://www.linkedin.com/company/sun-city-solar-energy-llc/,https://www.facebook.com/SunCitySolar
Smartenergyusa,Get Your Free Solar,privacy@smartenergyusa.com,,https://www.smartenergyusa.com,,Connecticut,,
Expert Advice On Improving Your Home,,hello@todayshomeowner.com,594553239,https://todayshomeowner.com,3cg%20id%3d%22medal%22%3e%3cpath%20id%3d%22vector%22%20d%3d%22m9.51452%206.96338l12%201.33337m6.21075%207.08822l3.33333%201.33337m,Colorado,,https://www.facebook.com/todayshomeownermedia/
Solar Panel Installation Company In Cherry Hill Nj,Local Solar,you@email.com,,https://sunwiseusa.com,,Delaware,,https://www.facebook.com/profile.php?id=100090318729708
Leading Residential Solar Provider,Solar Energy,giftcards@solarenergyworld.com,,https://www.solarenergyworld.com,,Delaware,https://www.linkedin.com/company/788458/admin/,https://www.facebook.com/SolarEnergyWorld
"Colorado Solar Installation And Services. Draco Solar Colorado – Installation, Sales, Services, Electric Need",Contact Our Support Team - Colorado Solar,sales@draco.solar,,https://draco.solar,,Colorado,,
Home,"About Sun-wind Solutions, LLC - Solar",info@sun-windsolutions.com,,https://sun-windsolutions.com,,Connecticut,,https://www.facebook.com/sunwindsolutions
Florida Solar Panel Installation By Flo Energy,Flo Energy,info@floenergy.solar,,https://www.floenergy.solar,,Florida,,
Trinity Solar,About Trinity Solar,gosolar@trinity-solar.com,,https://www.trinitysolar.com,,Delaware,https://www.linkedin.com/company/trinity-solar/,https://www.facebook.com/TrinitySolar/
"Lumina Solar: Solar Installation For Md, Pa, Va, De, And Dc",Solar Energy,marketing@luminasolar.com,,https://luminasolar.com,"Umbia And Our Service Area Also Includes The Following Postcodes 20711, 20724, 20733, 20751, 20755, 20758, 20764, 20765, 20776, 20",Delaware,https://www.linkedin.com/company/lumina-solar/,https://www.facebook.com/LuminaSolar1/
Affordable Solar Maintenance & Installation Services In Colorado,Contact Us For Solar,schedule@snapsolar.co,,https://snapsolar.co,,Colorado,,https://www.facebook.com/profile.php?id=61578798077183
Florida Solar Pv Contractor,Florida Solar,sales@solarspecialistinc.com,,https://solarspecialistinc.com,,Florida,,
"Solar Panel Installers Pa, Ct & Nj",Green Power Energy,name@email.com,,https://greenpowerenergy.com,,Connecticut,,https://www.facebook.com/gpenergy
Dnrec,"School Lunch Program, Low Income Home Energy",de_vitalstatistics@delaware.gov,,https://dnrec.delaware.gov,,Delaware,https://www.linkedin.com/company/delawarednrec,https://www.facebook.com/delaware.gov
Solar Installers Of Florida,U2014 Solar,info@solarinstallersofflorida.com,,https://www.solarinstallersofflorida.com,,Florida,,https://www.facebook.com/Solar-Installers-of-Florida-229104977975909
Florida Electric & Solar,Get A Free Solar,info@floridaelectricandsolar.com,,https://floridaelectricandsolar.com,,Florida,https://www.linkedin.com/company/florida-electric-and-solar,https://www.facebook.com/FloridaElectricandSolar/
Home,"Founded In 1984, Solar Source Is A Licensed Solar",support@yourcompany.com,,https://www.solarsource.com,,Florida,https://www.linkedin.com/company/solarsource,https://www.facebook.com/solarsource/
Florida Solar Contracting,No Project Too Large Or Too Small - Florida Solar,info@floridasolarcontracting.com,77661448,https://floridasolarcontracting.com,446 9 6 9.446 6 10 C 6 10.554 6.446 11 7 11 L 9 11 L 9 13 C 9 13.55401 9.446 14 10 14 C 10.554 14 11 13.55401 11 13 L 11 11 L 13 1,Florida,,
Home,Contact - Sunlight Solar,info@sunlightsolar.us,,https://sunlightsolar.us,,Florida,,https://www.facebook.com/sunlightsolarflorida/
Solar & Roofing Solutions In Hawaii,Privacy Policy - Premier Maui Solar,support@pacificenergy.solar,,https://www.pacificenergy.solar,,Hawaii,https://www.linkedin.com/company/pacific-energy-maui,https://www.facebook.com/MauiSolarPV
Ievpower – Ev Charger Manufacturer China,For A Complete Range Of EV Chargers And Green Energy,info@ievpower.com,,https://ievpower.com,,Georgia,,
Illinois Solar Map,About - Illinois Solar,derek@derekeder.com,,https://ilsolarmap.com,,Illinois,,
Hawaii's Local Solar Panel Installer On Oahu And Big Island,"Copyright 2024 Google, Inc",green@energy.com,77661448,https://malamasolar.com,,Hawaii,https://www.linkedin.com/company/malamasolar/about/,http://www.facebook.com/malamasolar
Solar Panel Installation Services Servicing Illinois,Ilumen Solar,dan@ilumen-solar.com,,https://www.ilumen-solar.com,,Illinois,https://www.linkedin.com/company/ilumensolar/,https://www.facebook.com/Ilumen-Solar-1894578870810373/
Revolusun,Why Choose Revolusun As Your Solar,info.idaho@revolusun.com,,https://idaho.revolusun.com,,Idaho,https://www.linkedin.com/company/revolusunidaho,https://www.facebook.com/RevolusunIdaho/
Welcome To Egt Solar,"Us - Our History, Mission, And Team - EGT Solar",bryan@egtsolar.com,,https://egtsolar.com,,Idaho,https://www.linkedin.com/company/egt-solar/,https://www.facebook.com/EGTSolar/
Illinois Solar Energy And Storage Association,Illinois Solar Energy,contactisea@illinoissolar.org,,https://www.illinoissolar.org,">440 W Colfax, #1578 Palatine, Il 60067<font Style=""font-size: 15px;"" Color=""#242424"" Face=""",Illinois,http://www.linkedin.com/company/illinois-solar-energy-association/,https://www.facebook.com/ILSolarEnergy/
Midwest Solar Installers,,dd0a55ccb8124b9c9d938e3acf41f8aa@sentry.wixpress.com,,https://www.midwestsolarinstallers.com,,Iowa,,
Siren: Solar Indiana Renewable Energy Network – Volunteers In Solar Energy Education,Solar Indiana Renewable Energy,contact@sirensolar.org,,https://www.sirensolar.org,,Indiana,,
Ks Solar,,info@kssolar.org,,https://www.kssolar.org,,Kansas,,https://www.facebook.com/KSSolarLLC
Solar Energy Hawaii,Creative Energy,info@solarenergyhawaii.com,,https://solarenergyhawaii.com,,Hawaii,,
Georgia Solar Company,Athens Solar,info@altenergyse.com,,https://www.altenergyse.com,,Georgia,,https://www.facebook.com/AlternativeEnergySoutheast
"King Solar, Inc.","King Solar, Inc",inquiry@kingsolar.net,,https://www.kingsolar.net,,Kansas,,
"Cb Solar: Iowa Solar Panel Installers, Solar Energy Contractors","About CB Solar, Des Moines, IA Turnkey Solar Energy",info@cbsolarinc.com,,https://www.cbsolarinc.com,,Iowa,,https://www.facebook.com/cbsolarinc/
Solar Energy Contractor,Solar Energy,marquismighty@powercircleconstruction.com,,https://powercircleconstruction.com,"W3.org/2000/svg"" Data-v-76d5a5f3></path",Illinois,,
Kansas Solar Systems: Quality Solar Solutions In Kansas,About - Kansas Solar,info@kansassolarsystems.com,,https://kansassolarsystems.com,,Kansas,,https://www.facebook.com/kansassolarsystems
Solar Power Built To Last,"To Installation To Maintenance, Your Solar",sales@eaglepointsolar.com,,https://eaglepointsolar.com,,Iowa,https://www.linkedin.com/company/eagle-point-solar-llc,https://www.facebook.com/epsolar/
Home Solar Panel Systems In Iowa,About Iowa Solar,460ff4620fa44cba8df530afde949785@sentry.wixpress.com,,https://www.iowasolarpros.com,,Iowa,,https://www.facebook.com/Iowasolarpros/
"Leading In Solar Energy: Louisiana, Texas & Mississippi","Solar Alternatives, Inc",leads@solalt.com,,https://www.solalt.com,,Louisiana,https://www.linkedin.com/company/solar-alternatives/,https://www.facebook.com/SolarAlternatives/
Choose Solar Maine Power To Switch To Solar Power In Maine,Sustainable Energy,info@solarmainepower.com,,https://www.solarmainepower.com,,Maine,,https://facebook.com/
All Energy Solar,Privacy Policy All Energy Solar,info@allenergysolar.com,,https://www.allenergysolar.com,,Iowa,https://www.linkedin.com/company/all-energy-solar,https://www.facebook.com/AllEnergySolar1
"Solar Services, Solar Energy Consultation",Contact Solar,tdbaker10@gmail.com,,https://www.solarsystemsofmaine.com,,Maine,,https://facebook.com/SolarSystemsofMaine/
Home,Home - Solar Energy,james@solarenergyil.com,,https://solarenergyofillinois.com,"Rl(""https://solarenergyofillinois.com/wp-content/uploads/2024/08/33110.jpg"");--background-overlay:'';background-position:center Ce",Illinois,,
Maine Energy Experts: Solar Panel Installation Company,"For 15 Years, Maine Energy",support@energyexperts.me,,https://maineenergyexperts.com,,Maine,https://www.linkedin.com/company/maine-energy-experts,https://www.facebook.com/people/Maine-Energy-Experts/100093268383203/?refid=17
Solar Panels Maine,PV Maine Installs Solar,1eeb89147c984dc6bc3ffafd9e6cd089@sentry.wixpress.com,,https://www.pvmaine.com,,Maine,https://il.linkedin.com/company/wix-com?trk=public_jobs_topcard_logo,https://www.facebook.com/mainepv
Home,Mnseia Works Year-round To Move Minnesota Solar,logrady@mnseia.org,,https://www.mnseia.org,,Minnesota,https://www.linkedin.com/company/minnesota-solar-energy-industry-association,https://www.facebook.com/MnSEIA/
Aduu Solar,About Us - Expert Solar,info@aduusolar.com,,https://www.aduusolar.com,"1120 Or Visit Us At 8730 Georgia Ave Ste 502, Silver Spring, Md 20910. Get Your Custom Solar Quote Today!""/><meta Name=""author"" C",Maryland,https://www.linkedin.com/company/aduu-solar,https://www.facebook.com/aduusolar
Energy Select,About Energy Select - Energy,info@energyselectllc.com,,https://energyselectllc.com,,Maryland,https://www.linkedin.com/company/energyselect,https://www.facebook.com/EnergySelectllc/
Sundog Solar,Contact Sundog Solar,info@sundogsolar.com,,https://www.sundog.solar,,Maine,,https://www.facebook.com/SundogSolarLLC
Michigan's Top Solar Installation Solution,Earn With Strawberry Solar,sales@strawberrysolar.com,,https://www.strawberrysolar.com,/www.strawberrysolar.com/wp-content/uploads/generateblocks/style-47381.css?ver=1783530573' Media='all' /> <link Rel='stylesheet' I,Michigan,https://www.linkedin.com/company/strawberry-solar/,https://www.facebook.com/StrawberrySolar/
Solar Panels Maine,Maine Solar,info@mainesolarsolutions.com,930373844093446,https://mainesolarsolutions.com,,Maine,https://www.linkedin.com/company/maine-solar-solutions/,https://www.facebook.com/mainesolarsolution/
Massachusetts Solar Energy Solutions,And Gaining As Much Knowledge About Solar,mkelley@massrenewables.net,,https://www.massrenewables.net,,Massachusetts,,https://www.facebook.com/MassRenewables/?fref=ts
Michigan Quality Electric,"Are A Full-service Electrical, Generator, And Solar",info@michiganqualityelectric.com,,https://www.michiganqualityelectric.com,,Michigan,https://www.linkedin.com/company/michigan-quality-electric/about/,https://www.facebook.com/profile.php?id=100038068970824
Solarstone Partners,Minnesota Solar,info@berings.com,,https://solarstonepartners.com,,Minnesota,,
Home,Contact Onsite Energy,info@onsiteenergyinc.com,,https://www.onsiteenergyinc.com,"Size-medium Text-weight-medium"">1515 N Rouse Avebozeman, Mt 597151620 Regent St Suite B & Cmissoula, Mt 59",Montana,https://www.linkedin.com/company/onsite-energy-inc/,https://www.facebook.com/onsiteenergysolar
Nebraska Solar Providers Why Solar?,Contact Nebraska Solar,j.shaw@nebraskasolarproviders.com,,https://www.nebraskasolarproviders.com,,Nebraska,,https://facebook.com/
Solar Montana,Conditions - Solar,info@solarmontana.com,,https://solarmontana.com,"Ss"",""streetaddress"":""2025 North Last Chance Gulch"",""postalcode"":""59601"",""addresslocality"":""helena"",""addressregion"":""montana"",""addr",Montana,https://www.linkedin.com/company/solar-montana/,https://www.facebook.com/SolarMontana/
Minnesota Renewable Energy Society,Minnesota Renewable Energy,hello@mnrenewables.org,,https://www.mnrenewables.org,"Society2928 5th Avenue Southminneapolis, Mn 55408phone: (612) 308-4757ge",Minnesota,https://www.linkedin.com/company/minnesota-renewable-energy-society,https://www.facebook.com/MNrenewables
Remodeling Contractors Near Me,MYHOMEQUOTE CO LTD,support@homequote.io,,https://www.myhomequote.com,"<path D=""m17 6.72461c17.5523 6.72461 18 7.17232 18 7.72461c18 8.27689 17.5523 8",Missouri,https://www.linkedin.com/company/myhomequote/posts/?feedView=all ,https://www.facebook.com/MyHomeQuoteUSA
Minnesota Solar Energy Company,Contact Us - Cedar Creek Energy,info@cedarcreekenergy.com,,https://cedarcreekenergy.com,,Minnesota,,https://www.facebook.com/CedarCreekEnergy
Sun Solar,Contact Us - Sun Solar,,77661448,https://ussunsolar.com,"Forms-field-required Wpforms-masked-input"" Data-inputmask-mask=""(99999)|(99999-9999)"" Data-inputmask-keepstatic=""true"" Data-rule-i",Missouri,,
Solar Panel Installation In Minnesota,Footer Solar,info@isolarmn.com,,https://isolarmn.com,,Minnesota,,
Mississippi Solar Llc – An Energy Solutions Company,Mississippi Solar LLC,info@mssolar.net,,https://mssolar.net,,Mississippi,,https://www.facebook.com/MississippiSolarLlc
Isi Solar,ISI Solar,info@isisolar.com,,https://isisolar.com,,Nebraska,https://www.linkedin.com/company/isi_interconnection-systems-inc,
Central Nh's Top Solar Installer For Ultra Efficient Ground Mounted Bifacial Solar Arrays,,peter@nh.solar,,https://nh.solar,,New hampshire,,
"Midwest Solar Tech, Llc",,adam.anderson@demolink.org,,https://midwestsolartech.com,,Nebraska,,
Montana Renewable Energy Association,Contact - Montana Renewable Energy,info@montanarenewables.org,,https://montanarenewables.org,"Po Box 276 Helena, Mt 59624 (406) 214-9405 <a Hre",Montana,,https://www.facebook.com/montanarenewables/
Solar Power Installation In New Hampshire,Granite State Solar,info@granitestatesolar.com,,https://www.granitestatesolar.com,,New hampshire,https://www.linkedin.com/company/granite-state-solar-llc,https://www.facebook.com/GraniteStateSolar/
Solar Energy Estimator,Solar Energy,info@solarenergyestimator.com,,https://www.solarenergyestimator.com,,New jersey,,
Solar Installation Services Across The Usa,Infinity Solar,toshia.lay@infinitysolarusa.com,,https://www.infinitysolarusa.com,,New mexico,https://www.linkedin.com/company/infinitysolarusa,https://www.facebook.com/profile.php?id=61573599671204
Solar Company In Las Vegas,Nevada Solar Group,info@nevadasolargroup.com,,https://nevadasolargroup.com,"2922,u+2981,u+29bf,u+29eb,u+2b00-2bff,u+4dc0-4dff,u+fff9-fffb,u+10140-1018e,u+10190-1019c,u+101a0,u+101d0-101fd,u+102e0-102fb,u+1",Nevada,,https://www.facebook.com/nevadasolargroup/
Energy,S Office Of Energy,info@energy.nv.gov,,https://www.energy.nv.gov,"Viewbox=""0 0 20 20"" Fill=""none""> <path D=""m9.99712 -0.00325172c12.3116 -0.00391329 14.5546 0.797993 16.3441 2",Nevada,https://www.linkedin.com/company/3564009,https://www.facebook.com/NevGOE/
Solar Installation Services,First Solar,info@firstsolarinstallers.com,,https://firstsolarinstallers.com,,New jersey,,https://www.facebook.com/firstsolarinstallersco
Solar Company,Contact Us - Everlight Solar,jasmine.kearse@everlightsolar.com,,https://everlightsolar.com,,Nebraska,https://www.linkedin.com/company/everlight-solar/about/,https://www.facebook.com/everlightsolar/
Hire The Best Local Professionals,Svg-inline--fa Fa-plus Text-2xl Text-gray Group,info@expertise.com,,https://www.expertise.com,2.7158 12.9428c12.3234 13.3451 11.6767 13.3451 11.2842 12.9428l6.39701 7.93364c6.00459 7.53142 5.35789 7.53142 4.96547 7.93363l4.2,New york,https://www.linkedin.com/company/expertise-llc/,https://www.facebook.com/ExpertiseLocal/
Home,,info@solenergyny.com,,https://solenergyny.com,,New york,,
Holsen Solar,About Holsen Solar,ben@holsensolar.com,,https://www.holsensolar.com,"Www.cars.com/shopping/results/?fuel_slugs%5b%5d=electric&zip=58102&maximum_distance=250&sort=list_price"" Target=""_blan",North dakota,,https://www.facebook.com/holsenhome
Solar Panel Installation New Hampshire,Form - Solar,hi@seo.bo,,https://solarpanelsnewhampshire.com,Svg'%3e%3cpath Fill-rule='evenodd' Clip-rule='evenodd' D='m4 0c4.26522 5.96046e-08 4.51957 0.105357 4.70711 0.292893l7.70711 3.292,New hampshire,,
Solar Energy Company In New Jersey,"Impact Solar, LLC",sales@impactsolarnj.com,,https://impactsolarnj.com,"2922,u+2981,u+29bf,u+29eb,u+2b00-2bff,u+4dc0-4dff,u+fff9-fffb,u+10140-1018e,u+10190-1019c,u+101a0,u+101d0-101fd,u+102e0-102fb,u+1",New jersey,https://www.linkedin.com/company/impact-solar-nj-llc/,https://www.facebook.com/impactsolarnj/
Oregon & Washington Solar Inatallation Company,Washington Solar,gosolar@unity-solar.com,,https://www.unity-solar.com,,Oregon,,https://www.facebook.com/unity.solar.company
Energy Trust Of Oregon,Multifamily Home - Energy,sales@emigre.com,,https://www.energytrust.org,,Oregon,https://www.linkedin.com/company/energy-trust-of-oregon,https://www.facebook.com/EnergyTrustOfOregon
Harvest Solar Energy,Updated Harvest Solar,john@harvestsolar.net,,https://www.harvestsolar.net,,Oklahoma,,https://www.facebook.com/harvestsolarenergy
"Solar Installer In Ct, Ma & Or",-builder-template Ast-no-sidebar Astra-4.12.5 Group,cx@earthlighttech.com,,https://www.earthlighttech.com,,Oregon,https://www.linkedin.com/company/earthlight-technologies/posts/?feedView=all,https://www.facebook.com/earthlighttech/
Oklahoma Solar Solutions,OKLAHOMA SOLAR,fred@oksolarsolutions.com,,https://www.oksolarsolutions.com,,Oklahoma,,https://www.facebook.com/squarespace
Nc Solar Now,About Us - NC Solar,hello@ncsolarnow.com,,https://ncsolarnow.com,,North carolina,https://www.linkedin.com/company/nc-solar-now/,https://www.facebook.com/NCSolarNow/
Scsp Solar,SCSP Solar,support@scspsolar.com,,https://scspsolar.com,,South carolina,https://www.linkedin.com/company/south-carolina-solar-project,https://www.facebook.com/scspsolar
Sc Solar Energy,About SC Solar Energy,info@sc-solarenergy.com,,https://www.sc-solarenergy.com,,South carolina,,https://www.facebook.com/SCSolarEnergyInc
South Carolina Solar Council,South Carolina Solar,scsolarcouncil@gmail.com,,https://scsolarcouncil.org,,South carolina,,https://www.facebook.com/SCSolarCouncil/
Commercial & Residential Solar Solutions In The Midwest,S Net Metering For Solar,contact@wolfriverelectric.com,,https://wolfriverelectric.com,,North dakota,https://www.linkedin.com/company/wolf-river-electric,https://www.facebook.com/wolfriverelectric
Lightspring Solar,Lightspring About Us - LIGHTSPRING SOLAR,,119153368,https://www.lightspring.io,,North dakota,,https://www.facebook.com/lightspring.io
Home,On Midwest Solar Inc,,88418832,http://www.midwestsolarinc.com,,South dakota,,//facebook.com/midwestsolarinc
Solar Energy Solutions,"Hibu, Inc",tim@powerupoh.com,,https://www.poweruprenewableenergyoh.com,,Ohio,,https://facebook.com/powerupohio
Oregon's Best Local Solar Installation Company,Contact Green Ridge Solar,hello@greenridgesolar.com,,https://greenridgesolar.com,,Oregon,,https://www.facebook.com/greenridgesolar/
Texas Solar Installation & Maintenance,Hart Beat Energy,support@hartbeat.solar,,https://hartbeat.solar,,Texas,https://www.linkedin.com/company/hartbeat-energy,https://www.facebook.com/hartbeatenergy
Solar And Battery Installer In Texas,Texas Solar,sean@texassolarguys.com,,https://texassolarguys.com,"2922,u+2981,u+29bf,u+29eb,u+2b00-2bff,u+4dc0-4dff,u+fff9-fffb,u+10140-1018e,u+10190-1019c,u+101a0,u+101d0-101fd,u+102e0-102fb,u+1",Texas,,
Exact Solar,About Exact Solar,info@exactsolar.com,,https://exactsolar.com,,Pennsylvania,https://www.linkedin.com/company/exactsolar/,https://www.facebook.com/ExactSolar/
"New Roofs, Roof Repair, Roof Cleaning All Under One Roof",Relative Group,d06c089b4fbb38cdb3abb340a5f4371d@o113786.ingest.us.sentry.io,,https://roofgnome.com,"E, 814 San Jacinto Blvd Suite 202 Austin, Tx 78701, Or By Email From The Email Address Associated With Your Ac",Tennessee,,
Hometennessee Solar,Tennessee Solar,gettroyelectric@gmail.com,,https://www.troysalernoelectric.com,"<path Fill-rule=""evenodd"" Clip-rule=""evenodd"" D=""m0.5 2c0.5 1.17157 1.17157 0.5 2 0.5h13.6362c14.3878 0.5 15.0234 1.05632 15.12",Tennessee,,https://www.facebook.com/troysalernoelectric/
Energy Guide,Privacy Policy - Energy,privacy@energyguideusa.com,,http://www.energyguideusa.com,,South dakota,,
Rhode Island Solar,Newport Solar,5d1795a2db124a268f1e1bd88f503500@sentry.wixpress.com,,https://www.gonewportsolar.com,,Rhode island,https://www.linkedin.com/company/newport-solar,https://www.facebook.com/newportsolarri
"Solar Installation & Roofing Company In Ri, Ma & Ct",Review Rooftop Power LLC,contact@rooftoppowerco.com,,https://www.rooftoppowerco.com,"Across The Region (ri Electrical Ac004027, Ri General Contractor 42278, Ma Electrical 17273, Ma General Contractor 155831, Ct Elec",Rhode island,,https://www.facebook.com/rooftoppower
Lightwave Solar,"For 17 Years, Lightwave Solar",info@lightwavesolar.com,,https://www.lightwavesolar.com,"Winterval"":5000,""slideshowrestart"":""1"",""slideshowrestarttimeout"":10000,""scroll"":""adaptive"",""scrollonlinks"":""adaptive"",""scrollonurl",Tennessee,https://www.linkedin.com/company/lightwave-solar-electric/,https://www.facebook.com/LightWaveSolar/
Solar Power Installation In Vermont,Green Mountain Solar,info@greenmntnsolar.com,,https://www.greenmtnsolar.com,,Vermont,https://www.linkedin.com/company/greenmountainsolarllc,https://www.facebook.com/GreenMountainSolar/
"Commercial Solar Contractor For Design, Construction & O&m",Contact - Axium Solar,info@axiumsolar.com,,https://axiumsolar.com,2f%2fwww.w3.org%2f2000%2fsvg%27%20width%3d%272400%27%20height%3d%27958%27%20viewbox%3d%270%200%202400%20958%27%3e%3crect%20width%3,Texas,https://www.linkedin.com/company/axium-solar/,
"Texas Solar Power Company: 20+ Years Experience & Over 1,000 Projects","Sales - Texas Solar Power Company, LLC",info@txspc.com,,https://www.txspc.com,,Texas,,https://www.facebook.com/txspc/
California Solar Contractors,Privacy Policy - American Array Solar,info@americanarray.com,,https://www.americanarraysolar.com,,Texas,,https://www.facebook.com/americanarrayfanpage/
Green Earth Energy,Green Earth Energy,mail@greenearthenergyvt.com,,https://www.greenearthenergyvt.com,"7092441ba8c09ddc41/1565095609607-hupqpz3h73kfd0ocox6n/scroll5%2b%25281%2529.jpg"" Data-image=""https://images.squarespace-cdn.com/co",Vermont,,
"Solar Installation Company In Vt, Nh, Ny",VT Star Solar,info@vtstarsolar.com,61574902077905,https://vtstarsolar.com,Svg'%3e%3cpath Fill-rule='evenodd' Clip-rule='evenodd' D='m4 0c4.26522 5.96046e-08 4.51957 0.105357 4.70711 0.292893l7.70711 3.292,Vermont,,
Brimma Solar,About - Brimma Solar,,140247066323,https://brimmasolar.com,"<path Fill-rule=""evenodd"" Clip-rule=""evenodd"" D=""m2.55806 6.29544c2.46043 6.19781 2.46043 6.03952 2.55806 5.94189l3.4",Washington,,
"Emergency Plumber, Hvac & Electrician Utah",Renewable Energy,info@24-7servicesutah.com,,https://24-7servicesutah.com,,Utah,,
Washington State Solar Company,Northwest Electric And Solar,derek@nwsolar.com,,https://nwsolar.com,"Google.com/maps/dir//proudly Servingwashington State18001 73rd Ave Nekenmore, Wa 98028""> Proudly Serving",Washington,https://www.linkedin.com/company/northwest-electric-&-solar-llc/,https://www.facebook.com/NWElectricandSolar
Solar Power & Energy Efficiency Services In Vermont,About Building Energy,contact@bytes.co,,https://www.buildingenergyvt.com,,Vermont,https://www.linkedin.com/company/building-energy,https://www.facebook.com/BuildingEnergy/
"Solar Company In Wv, Va, Oh & Ky",Review Solar,info@solarholler.com,,https://www.solarholler.com,,West virginia,https://www.linkedin.com/company/solar-holler/,https://www.facebook.com/solarholler
Texas Solar Energy,Texas Solar Energy,texassolarenergy14@gmail.com,,https://texsolarenergy.com,2f%3e%0d%0a%09%09%09%09%09%0d%0a%09%09%09%09%09%09%3crect%20x%3d%22119.5%22%20y%3d%2293.3%22%20transform%3d%22matrix(0.7071%20-0.7,Texas,,
Why Dominion Energy Solutions For Solar,See How Solar Cuts Energy,privacy@dominionenergy.com,,https://solutions.dominionenergy.com,"1-2315 Postal Address: 220 Operation Way Cayce, Sc 29033-3701 Attention: Dominion Energy Privacy Office (mc C211)</p",Virginia,,
Wattbot,Find A Trusted Solar,team@wattbot.app,,https://wattbot.com,,Los angeles,https://www.linkedin.com/company/wattbotdotcom,
Forecast Energy,Forecast Energy,info@forecastenergy.com,,https://www.forecastenergy.com,,Washington,https://www.linkedin.com/company/forecast-energy,https://www.facebook.com/ForecastEnergyWA
"Solar Installation Nj, Md, Pa, Va, Wv",Sunlightrenewable.com - Solar,info@sunlightrenewable.com,,https://sunlightrenewable.com,"Cingcomment Or Message Submit Address: 70 Wolff Ave, Edison, Nj, 08837 Email: Info@sunlightrenewable.com Call (848) 467-7002 Open",West virginia,,
Home,Solar Energy,info@renewwisconsin.org,,https://www.renewwisconsin.org,,Wisconsin,https://www.linkedin.com/company/renew-wisconsin,https://www.facebook.com/RENEWWisconsin/
Home,Los Angeles Solar,support@lasolarpros.com,,https://lasolarpros.com,,Los angeles,,
Power Your Future With Wind & Solar Energy,Contact Our Solar,clientcare@drfenergyllc.nebulabrandgroup.com,,https://wycowindandsolar.com,,Wyoming,,
"Solar Company In Houston, Tx",Contact Space City Solar,bala@spacecitysolar.com,,https://www.spacecitysolar.com,,Houston,,
Boost Your Conversions With Solar Sales Software,Team Today To Learn More About Our Ai-powered Solar,u003esupport@solargenix.ai,,https://solargenix.ai,,Los angeles,https://www.linkedin.com/company/solargenix-ai,https://www.facebook.com/solargenixapp
Expert Solar Panel Installation Services,Get Your Free Solar,info@solartechonline.com,,https://solartechonline.com,,Los angeles,https://www.linkedin.com/company/solartechinc,https://www.facebook.com/SolarTechSanDiego/
Solar Contractor La,Our Contractor Network Supports Solar,info@solarcontractorla.com,+1 (718) 622-7253,https://www.solarcontractorla.com,,Los angeles,,
Find Licensed Master Tradespeople Near You,,privacy@masterfinder.com,,https://masterfinder.com,,Phoenix,,
Wv Solar Experts: Revolt Energy,Revolt Energy,lcasto@revolt-energy.com,,https://www.revolt-energy.com,,West virginia,,https://www.facebook.com/revoltenergysolar/
Full Spectrum Solar,Full Spectrum Solar,service@fullspectrumsolar.com,,https://fullspectrumsolar.com,"08-284-9495 1240 East Washington Ave Madison, Wi 53703 Waukesha/milwaukee Area <a Hr",Wisconsin,https://www.linkedin.com/company/full-spectrum-solar/,https://www.facebook.com/fullspectrumsolar
Solar Panel Installation In Southeastern Pennsylvania,Pennstar Solar,hello@pennstarsolar.com,+1 (658) 608-2122,https://www.pennstarsolar.com,,Philadelphia,,https://www.facebook.com/PennstarSolar
Solar Installation & Whole Home Generators San Antonio,About TXEN Solar,jawan@eidola.studio,,https://txensolar.com,,San antonio,https://www.linkedin.com/company/texas-engineered-solar,https://www.facebook.com/TXENSolar/
Residential And Commercial Solar Energy Solutions,Central Texas Solar,crystal@centraltexas.solar,,https://www.centraltexas.solar,,San antonio,https://linkedin.com/company/centraltexas-solar,https://facebook.com/CentralTexasSolarandLighting/
Powder River Basin Resource Council,", Powder River Basin, Cheyenne, Pavillion, Energy",info@powderriverbasin.org,,https://www.powderriverbasin.org,"Wder River Basin Resource Council, 934 N. Main St., Sheridan, Wy 82801. Use Of Personally Identifiable Information</",Wyoming,,https://www.facebook.com/PowderRiverBasinResourceCouncil
San Diego Solar,San Diego Solar,info@sandiegosolar.com,,https://www.sandiegosolar.com,,San diego,,
Solar Panel Installation Company,Solar Panel Installation Company - Go Solar,gabe@gosolarsanantonio.com,,https://gosolarsanantonio.co,"24"" Fill=""white"" Xmlns=""http://www.w3.org/2000/svg""><path D=""m6.92773 6.82001v17.18c6.92773 17.97 7.79773 18.45 8.46773 18.02l16",San antonio,https://www.linkedin.com/company/solar-edge-pros-llc,https://www.facebook.com/profile.php?id=61578159084138
Home,Solion Energy,info@solionenergy.com,,https://solionenergy.com,,San diego,,
Sunergy Systems,Employee-owned Solar,info@sunergysystems.com,,https://sunergysystems.com,,Washington,https://www.linkedin.com/company/sunergy-systems,https://www.facebook.com/SunergySystems/
Total Solutions Sa,S Premier Solar,info@totalsolutionssa.com,,https://totalsolutionssa.com,,San antonio,https://www.linkedin.com/in/carine-crowell-89395726a?utm_source=share_via&utm_content=profile&utm_medium=member_ios,
Hello Solar,Hello Solar,rossgott4@gmail.com,,https://www.hellosolar.solar,,San antonio,,https://www.facebook.com/HelloSolarTx/
Suntria,Leading Solar,contact@suntria.com,,https://suntria.com,,Dallas,https://www.linkedin.com/company/suntria/,
California: Top Installers,Contact Solar,hello@solarinstallercalifornia.com,,https://www.solarinstallercalifornia.com,"Ath D=""m20.0806 17.9986l30.6275 5.42673c30.8043 5.2178 30.6556 4.90039 30.3824 4.90039h27.1762c26.9873 4.90039 26.8065 4.98477 26",San diego,https://www.linkedin.com/company/solar-installer-california/,
One,Solar IQ Slide-in - Saving On Solar,info@savingonsolar.com,,https://www.savingonsolar.com,,Chicago,,
Solar Company For Energy Solutions,Privacy Policy - Suntrek Solar,info@suntreksolar.com,,https://www.suntreksolar.com,""" Xmlns=""http://www.w3.org/2000/svg""><path D=""m18.3 9.49999c15 4.89999 8.50002 3.79999 3.90002 7.19999c2.70002 8.09999 1.70002 9.2",San diego,https://www.linkedin.com/company/suntrek-solar,https://www.facebook.com/suntreksolar/
San Diego Solar Panel Installation & Battery Storage,San Diego Solar,info@sandiegosolar.pro,,https://sandiegosolar.pro,"""ca"", ""postalcode"": ""92154"", ""addresscountry""",San diego,,https://facebook.com/sandiegosolarpro
The Environmental Blog,Renewable Energy,envoirenmentalblog@gmail.com,,https://www.theenvironmentalblog.org,,Dallas,,
Highlight Solar,Leading Solar,sales@highlightsolar.com,,https://www.highlightsolar.com,,San jose,https://www.linkedin.com/in/highlight-solar-70583361/,https://www.facebook.com/HighlightSolarInc
Solar States,About Solar States - Solar,%c2%a0info@solar-states.com,,https://www.solar-states.com,,Philadelphia,https://www.linkedin.com/company/solar-states-llc/about/,https://www.facebook.com/solarstates
Solar Companies Near Me,Contact Us - Point 2 Solar,support@point2solar.com,,http://www.point2solar.com,,Chicago,,
Windsoleil Solar And Wind Energy Company – Renewable Energy,Windsoleil Solar And Wind Energy,support@chatto.com,,https://www.windsoleil.com,,Chicago,,http://www.facebook.com/windsoleil/
Apex-renewables Solar,,contact@apex-renewables.com,+1 (555) 123-4567,https://apex-renewables.com,,HQ,,
Apexpv Solar,,contact@apexpv.com,+1 (555) 123-4567,https://apexpv.com,,HQ,,
Americangreensolar Solar,,contact@americangreensolar.com,+1 (555) 123-4567,https://americangreensolar.com,,HQ,,
Apex-contractors Solar,,contact@apex-contractors.com,+1 (555) 123-4567,https://apex-contractors.com,,HQ,,
Apex-power Solar,,contact@apex-power.com,+1 (555) 123-4567,https://apex-power.com,,HQ,,
Altasolar.com,,contact@altasolar.com,20260716,https://altasolar.com,,HQ,,
Canadian Solar – Global,,marketing@epcube.com,11,https://canadiansolar.com,,HQ,,
正泰集团股份有限公司,,contact@chint.com,16,https://chint.com,,HQ,,
Cleancontractors Solar,,contact@cleancontractors.com,+1 (555) 123-4567,https://cleancontractors.com,,HQ,,
Apex Installers Llc,,contact@apexinstallers.com,50,https://apexinstallers.com,,HQ,,
Apexrenewables.com Is For Sale,,contact@apexrenewables.com,2021,https://apexrenewables.com,,HQ,,
Apexcontractors.com Is For Sale,,contact@apexcontractors.com,2021,https://apexcontractors.com,,HQ,,
Solar Energy Company,,8eb368c655b84e029ed79ad7a5c1718e@sentry.wixpress.com,11,https://americansolar.com,,HQ,,
Sunpower – Powering A Brighter Future,,contact@blueravensolar.com,13,https://blueravensolar.com,,HQ,,
Solar Services,,cropped-trans-cealogo@3x1-1024x410.png,720,https://cleanenergyauthority.com,,HQ,,
Site Not Found · Dreamhost,,contact@cleanpanels.com,215613517,https://cleanpanels.com,,HQ,,
Clean,,info@thebrandable.com,500,https://clean-energy.com,,HQ,,
Clean Power Research,,privacy@cleanpower.com,2012,https://clean-power.com,,HQ,,
Clean Power Research,,privacy@cleanpower.com,2012,https://cleanpower.com,,HQ,,
Contractorsselect Solar,,contact@contractorsselect.com,+1 (555) 123-4567,https://contractorsselect.com,,HQ,,
Apex Power Services Corporation,,sales@apexpower.com,954,https://apexpower.com,,HQ,,
Apex,,contact@apex-energy.com,2021,https://apex-energy.com,,HQ,,
Apexpanels Solar,,contact@apexpanels.com,20,https://apexpanels.com,,HQ,,
Contractorssmart,,contactus@contractorssmart.com,100,https://contractorssmart.com,,HQ,,
Ecoenergy.com,,contact@ecoenergy.com,100,https://ecoenergy.com,,HQ,,
Ecopower Solar,,contact@ecopower.com,+1 (555) 123-4567,https://ecopower.com,,HQ,,
Ecopv Solar,,contact@ecopv.com,+1 (555) 123-4567,https://ecopv.com,,HQ,,
Ecocontractors Solar,,contact@ecocontractors.com,+1 (555) 123-4567,https://ecocontractors.com,,HQ,,
Eco,,contact@eco-power.com,+1 (555) 123-4567,https://eco-power.com,,HQ,,
Bal Bharti School,,contact@eco-renewables.com,400,https://eco-renewables.com,,HQ,,
Ecorenewables,,contact@ecorenewables.com,2026,https://ecorenewables.com,,HQ,,
Solar Systems,,bahram@cosmicsolar.com,1999,https://cosmicsolar.com,,HQ,,
Elevation Partners,,contact@elevation.com,10000,https://elevation.com,,HQ,,
Energyeco Solar,,contact@energyeco.com,+1 (555) 123-4567,https://energyeco.com,,HQ,,
江苏东鋆光伏科技有限公司,,sales@eco-pv.com,20200512,https://eco-pv.com,,HQ,,
Energyapex Solar,,contact@energyapex.com,+1 (555) 123-4567,https://energyapex.com,,HQ,,
Energyrapid Solar,,contact@energyrapid.com,+1 (555) 123-4567,https://energyrapid.com,,HQ,,
Energygreen.com For Sale,,contact@energygreen.com,165,https://energygreen.com,,HQ,,
Energysky Solar,,contact@energysky.com,+1 (555) 123-4567,https://energysky.com,,HQ,,
Energyselect Solar,,contact@energyselect.com,+1 (555) 123-4567,https://energyselect.com,,HQ,,
Capitol Solar,,contact@capitolsolar.com,291435791261034,https://capitolsolar.com,,HQ,,
Energysun Solar,,contact@energysun.com,+1 (555) 123-4567,https://energysun.com,,HQ,,
Maintenance Page,,info@energysmart.com,11,https://energysmart.com,,HQ,,
Low,,contact@eco-energy.com,+1 (178) 450-8205,https://eco-energy.com,,HQ,,
Energysummit.com,,contact@energysummit.com,100,https://energysummit.com,,HQ,,
"Enphase Energy: Solar, Batteries & Ev Chargers",,enphasestore@enphase.com,9222,https://enphase.com,,HQ,,
Freedom Forever Solar: The Power Guarantee You Need,,customersupport@freedomforever.com,10,https://freedomforever.com,,HQ,,
Eco,,info@eco-panels.com,2025,https://ecopanels.com,,HQ,,
Compare And Save On Clean Home Energy Solutions,,support@energysage.com,+1 (202) 304-0418,https://energysage.com,,HQ,,
Green Panels,,contact@green-panels.com,+1 (555) 123-4567,https://green-panels.com,,HQ,,
Green-power Solar,,contact@green-power.com,+1 (555) 123-4567,https://green-power.com,,HQ,,
Domain Error,,contact@green-energy.com,130,https://green-energy.com,,HQ,,
Green-renewables Solar,,contact@green-renewables.com,+1 (555) 123-4567,https://green-renewables.com,,HQ,,
Energymega.com Is For Sale,,contact@energymega.com,2021,https://energymega.com,,HQ,,
Cleanpv.com Is For Sale,,contact@cleanpv.com,2021,https://cleanpv.com,,HQ,,
Clean,,contact@clean-solar.com,2021,https://clean-solar.com,,HQ,,
Fronius International,,u003ewebrelaunch@fronius.com,2026,https://fronius.com,,HQ,,
Home,,gdpr@fimer.com,2000,https://fimer.com,,HQ,,
Greenpanels Solar,,contact@greenpanels.com,+1 (555) 123-4567,https://greenpanels.com,,HQ,,
Greenpv Solar,,contact@greenpv.com,+1 (555) 123-4567,https://greenpv.com,,HQ,,
Leading Global Provider Of Comprehensive Pv Solar Solutions,,contact@firstsolar.com,460,https://firstsolar.com,,HQ,,
Home,,datenschutzbeauftragter@datenschutzexperte.de,500,https://greencells.com,,HQ,,
Contact,,contact@greensolar.com,81340958081155,https://greensolar.com,,HQ,,
Green Home Systems,,contact@greenhomesystems.com,11,https://greenhomesystems.com,,HQ,,
Eco,,info@eco-panels.com,2025,https://eco-panels.com,,HQ,,
Greenpower.com,,your@email.com,1200,https://greenpower.com,,HQ,,
Home : Hitachi Global,,contact@hitachi.com,39,https://hitachi.com,,HQ,,
Green Renewables,,support@greenrenewables.com,16,https://greenrenewables.com,,HQ,,
Home,,info@ipsunsolar.com,11,https://ipsunsolar.com,,HQ,,
Interstatesolar.com Is For Sale,,contact@interstatesolar.com,2021,https://interstatesolar.com,,HQ,,
Solar Power & Renewable Energy In Lexington Ky,,info@mannsolar.com,+1 (175) 070-6745,https://mannsolar.com,,HQ,,
Maschinenhandel Im Raum Kiel,,contact@mega-energy.com,12,https://mega-energy.com,,HQ,,
Mega Contractor,,contact@mega-contractors.com,537957636,https://mega-contractors.com,,HQ,,
Home,,contact@greencontractors.com,11,https://greencontractors.com,,HQ,,
Megapanels Solar,,contact@megapanels.com,+1 (555) 123-4567,https://megapanels.com,,HQ,,
固德威,,paul.zhang@goodwe.com,40216122,https://goodwe.com,,HQ,,
Mega,,contact@mega-solar.com,1999,https://mega-solar.com,,HQ,,
Megapv Solar,,contact@megapv.com,+1 (555) 123-4567,https://megapv.com,,HQ,,
Shopsolar: Complete Solar Kits + Lifetime Customer Support,,info@shopsolarkits.com,32,https://bakersolar.com,,HQ,,
Megarenewables Solar,,contact@megarenewables.com,+1 (555) 123-4567,https://megarenewables.com,,HQ,,
Megacontractors.com,,interested@domainmarket.com,300,https://megacontractors.com,,HQ,,
Solar Booster By Megasolar,,contact@megasolar.com,1252,https://megasolar.com,,HQ,,
航天机电,,contact@ht-saae.com,11,https://ht-saae.com,,HQ,,
Jinko Solar,,contact@jinkosolar.com,1999,https://jinkosolar.com,,HQ,,
Megapower,,8eb368c655b84e029ed79ad7a5c1718e@sentry.wixpress.com,11,https://mega-power.com,,HQ,,
锦浪,,beservice@solisinverters.com,2023,https://ginlong.com,,HQ,,
Powerrapid Solar,,contact@powerrapid.com,+1 (555) 123-4567,https://powerrapid.com,,HQ,,
Uk Cloud Server Hosting & Cloud Hosting Providers,,hello@brightbox.com,8293,https://brightbox.com,,HQ,,
三菱電機 Mitsubishi Electric,,contact@mitsubishielectric.co.jp,23,https://mitsubishielectric.co.jp,,HQ,,
Powerclean.com,,contact@powerclean.com,20260716,https://powerclean.com,,HQ,,
Powersmart Solar,,contact@powersmart.com,+1 (555) 123-4567,https://powersmart.com,,HQ,,
Powersky Solar,,contact@powersky.com,+1 (555) 123-4567,https://powersky.com,,HQ,,
Palmetto,,you@email.com,24,https://palmetto.com,,HQ,,
Eging Pv,,eging-public@egingpv.com,+1 (178) 413-7367,https://egingpv.com,,HQ,,
Powergreen: Renewable Energy Solutions,,info@powergreen.com,2025,https://powergreen.com,,HQ,,
Powur Energy,,contact@powur.com,300,https://powur.com,,HQ,,
Powereco,,support@starapps.studio,39964606628,https://powereco.com,,HQ,,
Nec(global,,contact@nec.com,1200,https://nec.com,,HQ,,
Pure-solar Solar,,contact@pure-solar.com,+1 (555) 123-4567,https://pure-solar.com,,HQ,,
Pureenergy Solar,,contact@pureenergy.com,+1 (555) 123-4567,https://pureenergy.com,,HQ,,
Coming Soon,,contact@pure-renewables.com,16,https://pure-renewables.com,,HQ,,
Powerselect.com,,john.doe@mail.de,1999,https://powerselect.com,,HQ,,
Power Summit,,paul@powersummit.comgeneral,11,https://powersummit.com,,HQ,,
Puresolar Solar,,contact@puresolar.com,+1 (555) 123-4567,https://puresolar.com,,HQ,,
Powermega.com Is For Sale,,contact@powermega.com,2021,https://powermega.com,,HQ,,
Pveco Solar,,contact@pveco.com,+1 (555) 123-4567,https://pveco.com,,HQ,,
Powerpure.com Is For Sale,,contact@powerpure.com,2021,https://powerpure.com,,HQ,,
Huawei,,contact@huawei.com,20251205144752,https://huawei.com,,HQ,,
Unser Stromprodukt Purepower,,contact@pure-power.com,4534,https://pure-power.com,,HQ,,
Commercial & Industrial Heat Pumps & Solar Pv Specialists,,contact@purerenewables.com,10,https://purerenewables.com,,HQ,,
Pure Contractors Ltd,,admin@purecontractors.com,10,https://purecontractors.com,,HQ,,
Pure-pv Solar,,contact@pure-pv.com,100,https://pure-pv.com,,HQ,,
Parked Domain Name On Hostinger Dns System,,contact@rapid-energy.com,40,https://rapid-energy.com,,HQ,,
Pvselect Solar,,contact@pvselect.com,9999,https://pvselect.com,,HQ,,
Purepv.com Is For Sale,,contact@purepv.com,2021,https://purepv.com,,HQ,,
Pvsky.com For Sale,,contact@pvsky.com,4950,https://pvsky.com,,HQ,,
Commercial & Utility Scale Solar + Storage Electrical Engineering Firm,,info@purepower.com,100,https://purepower.com,,HQ,,
Pvmega,,contact@pvmega.com,+1 (555) 123-4567,https://pvmega.com,,HQ,,
Pvgreen.com Is For Sale,,contact@pvgreen.com,2021,https://pvgreen.com,,HQ,,
Pvclean.com,,contact@pvclean.com,2026,https://pvclean.com,,HQ,,
Pure Power Solar,,contact@purepowersolar.net,11,https://purepowersolar.net,,HQ,,
Gemwin,,gemwin.blog@gmail.com,2023,https://pvpure.com,,HQ,,
Rapid Power Technologies Service & Repair,,contact@rapidpower.com,2022,https://rapidpower.com,,HQ,,
Under Redevelopment,,contact@select-renewables.com,700,https://select-renewables.com,,HQ,,
Pvsummit.com Is For Sale,,contact@pvsummit.com,2021,https://pvsummit.com,,HQ,,
Selectpanels Solar,,contact@selectpanels.com,+1 (555) 123-4567,https://selectpanels.com,,HQ,,
Selectpower Solar,,contact@selectpower.com,+1 (555) 123-4567,https://selectpower.com,,HQ,,
Idahoinstallers.com,,contact@selectinstallers.com,100,https://selectinstallers.com,,HQ,,
Acompanhantes Por Cidade E Estado,,contact@selectpv.com,15,https://selectpv.com,,HQ,,
Selectrenewables Solar,,contact@selectrenewables.com,+1 (555) 123-4567,https://selectrenewables.com,,HQ,,
Sky-contractors Solar,,contact@sky-contractors.com,+1 (555) 123-4567,https://sky-contractors.com,,HQ,,
"Rapid Power Group – Partner With Us To Power A Brighter, Greener Tomorrow",,sales@rapidpowergroup.com,50,https://rapidsolar.com,,HQ,,
Rec Group,,contact@recgroup.com,50,https://recgroup.com,,HQ,,
Sky Panels,,contact@sky-panels.com,57,https://sky-panels.com,,HQ,,
Selectcontractors.com Is For Sale,,contact@selectcontractors.com,2021,https://selectcontractors.com,,HQ,,
Skycontractors Solar,,contact@skycontractors.com,+1 (555) 123-4567,https://skycontractors.com,,HQ,,
Select Water Solutions,,contact@selectenergy.com,2026,https://selectenergy.com,,HQ,,
Skypanels Solar,,contact@skypanels.com,+1 (555) 123-4567,https://skypanels.com,,HQ,,
"Sky Energy, Inc.",,fans@sky-energy.com,8859,https://sky-energy.com,,HQ,,
Sharp Global,,contact@sharp-world.com,239696019558840,https://sharp-world.com,,HQ,,
Select Contractors – Select Contractors,,contact@select-contractors.com,8211,https://select-contractors.com,,HQ,,
Veteran Owned,,contact@sempersolaris.com,15,https://sempersolaris.com,,HQ,,
Smart-power Solar,,contact@smart-power.com,+1 (555) 123-4567,https://smart-power.com,,HQ,,
Ip Home,,contact@megaenergy.com,5350,https://megaenergy.com,,HQ,,
Smart,,contact@smart-installers.com,57,https://smart-installers.com,,HQ,,
Select Solar,,contact@selectsolar.com,1999,https://selectsolar.com,,HQ,,
Smartpanels Solar,,contact@smartpanels.com,+1 (555) 123-4567,https://smartpanels.com,,HQ,,
Smart-renewables Solar,,contact@smart-renewables.com,+1 (555) 123-4567,https://smart-renewables.com,,HQ,,
Smartcontractors.com,,contact@smartcontractors.com,100,https://smartcontractors.com,,HQ,,
景全能源,,contact@sky-solar.com,26223,https://sky-solar.com,,HQ,,
Pagina Principal,,soporte@smart-contractors.com,500,https://smart-contractors.com,,HQ,,
Buy Skypv.com – Premium Expired .com Domain On Godaddy,,contact@skypv.com,195,https://skypv.com,,HQ,,
Sma Solar Technology Ag,,u003einfo@sma-uk.com,192,https://sma-solar.com,,HQ,,
Solar Clean,,ricky@solarclean.com,11,https://solarclean.com,,HQ,,
Skypower Global – Generating A Brighter Future,,info@skypower.com,8211,https://skypower.com,,HQ,,
Solarise Solar,,contact@solarise.com,+1 (555) 123-4567,https://solarise.com,,HQ,,
Intelligent Solar Energy Systems,,contact@smartpv.com,2026,https://smartpv.com,,HQ,,
Account Suspended,,webmaster@smart-panels.com,428571429,https://smart-panels.com,,HQ,,
Welcome To Solar Apex,,webmaster@solarapex.com,400,https://solarapex.com,,HQ,,
Solarpowerca Solar,,contact@solarpowerca.com,+1 (555) 123-4567,https://solarpowerca.com,,HQ,,
Smart Power Hydraulic Generator For Fire Truck Extraction,,contact@smartpower.com,11,https://smartpower.com,,HQ,,
"Solar & Battery Installer In Sonoma, Napa & Marin",,contact@solarcraft.com,24,https://solarcraft.com,,HQ,,
Solarsky Solar,,contact@solarsky.com,+1 (555) 123-4567,https://solarsky.com,,HQ,,
Design Home Solar Online Using Prices Of Solar Providers Near You,,privacy@howmuch.net,1200,https://solar-estimate.org,,HQ,,
Solareco.com Is For Sale,,synergy@synergytech.com,500,https://solareco.com,,HQ,,
Smart Living Home & Garden,,cs@smartlivinghg.com,+1 (164) 012-7862,https://smartsolar.com,,HQ,,
Solarselect.com,,contact@solarselect.com,20260716,https://solarselect.com,,HQ,,
"Sky Energy, Inc.",,fans@sky-energy.com,8859,https://skyenergy.com,,HQ,,
Solarmega.com Is For Sale,,contact@solarmega.com,2021,https://solarmega.com,,HQ,,
Home Page,,contact@solarsun.com,8859,https://solarsun.com,,HQ,,
Spezialist Für Pool Selber Bauen Und Poolheizung,,contact@solarrapid.com,1998,https://solarrapid.com,,HQ,,
Solarworld.com,,you@company.com,2000,https://solarworld.com,,HQ,,
Summit-pv Solar,,contact@summit-pv.com,+1 (555) 123-4567,https://summit-pv.com,,HQ,,
Solar Optimum,,marketing@solaroptimum.com,10,https://solaroptimum.com,,HQ,,
Summit-solar Solar,,contact@summit-solar.com,+1 (555) 123-4567,https://summit-solar.com,,HQ,,
Residential Solar Panel Installation Company,,info@solarisesolar.com,2026,https://solarisesolar.com,,HQ,,
Solarsummit.com Domain Name Is For Sale. Inquire Now.,,contact@solarsummit.com,400,https://solarsummit.com,,HQ,,
Summitinstallers Solar,,contact@summitinstallers.com,+1 (555) 123-4567,https://summitinstallers.com,,HQ,,
Summitpower Solar,,contact@summitpower.com,+1 (555) 123-4567,https://summitpower.com,,HQ,,
Summitpv Solar,,contact@summitpv.com,+1 (555) 123-4567,https://summitpv.com,,HQ,,
Summitrenewables Solar,,contact@summitrenewables.com,+1 (555) 123-4567,https://summitrenewables.com,,HQ,,
"Solar Panels: Compare Costs, Reviews & Installers",,privacy@howmuch.net,522865881065527,https://solarreviews.com,,HQ,,
Solar Installation Company In Mo & Il,,contact@straightupsolar.com,11,https://straightupsolar.com,,HQ,,
Summit,,contact@summit-energy.com,2021,https://summit-energy.com,,HQ,,
Solaria,,rjones@solaria.com,2008,https://solaria.com,,HQ,,
Summitenergy Solar,,contact@summitenergy.com,100,https://summitenergy.com,,HQ,,
Summit Power,,admin@summit-power.com,1999,https://summit-power.com,,HQ,,
Suncontractors Solar,,contact@suncontractors.com,+1 (555) 123-4567,https://suncontractors.com,,HQ,,
Sun-panels Solar,,contact@sun-panels.com,+1 (555) 123-4567,https://sun-panels.com,,HQ,,
Solax Power: Leading Solar Energy Solutions Company,,vanessatran@solaxpower.com,202604,https://solaxpower.com,,HQ,,
Suninstallers Solar,,contact@suninstallers.com,+1 (555) 123-4567,https://suninstallers.com,,HQ,,
Solar Energy Company,,josh.frederick@sseky.com,1999,https://southernsolarandelectricalcontracting.com,,HQ,,
Sunnova Closure And Support Resources,,contact@sunnova.com,35,https://sunnova.com,,HQ,,
Unlocking The Power Of Solar Energy: A Guide To Sustainable Living,,contact@sun-solar.com,100,https://sun-solar.com,,HQ,,
Sunpanels Solar,,contact@sunpanels.com,+1 (555) 123-4567,https://sunpanels.com,,HQ,,
Sunenergy.com Domain Name May Be For Sale,,contact@sunenergy.com,400,https://sunenergy.com,,HQ,,
Home,,img06@2x.jpg,2026,https://suncommon.com,,HQ,,
Summit Contractors – Park City's Premiere Custom Home Builder,,contact@summit-contractors.com,11,https://summit-contractors.com,,HQ,,
Sun,,john.doe@mail.de,1999,https://sun-energy.com,,HQ,,
Sun,,info@sun-pv.com,137437974,https://sun-pv.com,,HQ,,
Sunpower – Powering A Brighter Future,,contact@sunpower.com,13,https://sunpower.com,,HQ,,
Arizona's #1 Solar Panel & Home Storage Battery Installer,,connect@solartopps.com,300,https://solartopps.com,,HQ,,
Community Solar And Storage,,press@us-solar.com,2026,https://us-solar.com,,HQ,,
阳光能源控股有限公司,,info@solargiga.com,300,https://solargiga.com,,HQ,,
Sunrun,,contactus_leadform@2x.jpg,833,https://sunrun.com,,HQ,,
Oferta Sprzedaży Domeny: Sun,,contact@sun-power.com,600,https://sun-power.com,,HQ,,
英利能源发展有限公司,,guoneixiaoshou@yingli.com,2510,https://yinglisolar.com,,HQ,,
Trinity Solar,,gosolar@trinity-solar.com,794,https://trinity-solar.com,,HQ,,
Suntech,,muneeb@suntechsa.com,11,https://suntech-power.com,,HQ,,
深圳市拓日新能源科技股份有限公司,,hchen@topraysolar.com,400,https://topraysolar.com,,HQ,,
Sunrenewables.com Is For Sale,,contact@sunrenewables.com,2021,https://sunrenewables.com,,HQ,,
Yaskawa America Inc. Home,,contact@yaskawa.com,7210,https://yaskawa.com,,HQ,,
Tmeic Solar,,contact@tmeic.com,718407697,https://tmeic.com,,HQ,,
Greenhosting,,contact@alpha-solar.com,1999,https://alpha-solar.com,,HQ,,
Alpha,,contact@alpha-shine.com,11,https://alpha-shine.com,,HQ,,
Alpha-tech Solar,,contact@alpha-tech.com,+1 (555) 123-4567,https://alpha-tech.com,,HQ,,
Alpha,,contact@alpha-ray.com,565,https://alpha-ray.com,,HQ,,
Alpha,,contact@alpha-light.com,995,https://alpha-light.com,,HQ,,
Index Of /,,contact@alpha-energy.com,59,https://alpha-energy.com,,HQ,,
Alphaelectric Solar,,contact@alphaelectric.com,+1 (555) 123-4567,https://alphaelectric.com,,HQ,,
Alphaforce Solar,,contact@alphaforce.com,+1 (555) 123-4567,https://alphaforce.com,,HQ,,
Alpha Solutions,,la@alpha-solutions.com,255,https://alpha-solutions.com,,HQ,,
Alpha-group Solar,,contact@alpha-group.com,100,https://alpha-group.com,,HQ,,
Alpha Hub – Alpha Hub,,info@alpha-hub.com,11,https://alpha-hub.com,,HQ,,
Home,,darlene@alpha-electrical.com,2017,https://alpha-electrical.com,,HQ,,
Alphapower Solar,,contact@alphapower.com,+1 (555) 123-4567,https://alphapower.com,,HQ,,
Alphapanels Solar,,contact@alphapanels.com,+1 (555) 123-4567,https://alphapanels.com,,HQ,,
Instant & Storage Water Heater Malaysia,,info@alpha-electric.com,9001,https://alpha-electric.com,,HQ,,
Alphapv Solar,,contact@alphapv.com,+1 (555) 123-4567,https://alphapv.com,,HQ,,
Alpha-renewables Solar,,contact@alpha-renewables.com,+1 (555) 123-4567,https://alpha-renewables.com,,HQ,,
Alphaservices Solar,,contact@alphaservices.com,+1 (555) 123-4567,https://alphaservices.com,,HQ,,
司法書士事務所アルファ・パートナーズ 東京都新宿区【全国対応 会社設立 法人設立 会社登記】,,info@alpha-partners.com,1999,https://alpha-partners.com,,HQ,,
Alpha Partners,,you@youremail.com,11,https://alphapartners.com,,HQ,,
Alphaenergy.com,,service@atom.com,601526160,https://alphaenergy.com,,HQ,,
Welcome,,contact@alpharay.com,100,https://alpharay.com,,HQ,,
Apex-electric Solar,,contact@apex-electric.com,+1 (555) 123-4567,https://apex-electric.com,,HQ,,
Alpha Power Supplies Ltd. Welcome You,,contact@alpha-power.com,990099,https://alpha-power.com,,HQ,,
Apex-electrical Solar,,contact@apex-electrical.com,+1 (555) 123-4567,https://apex-electrical.com,,HQ,,
"Alpha Systems Engineering Corporation: Aerodynamic Modeling, Flight Testing Simulators, Digital Sound Systems, Aix Compliant, Digital Control Loading, Software Design, Signal Processing, Project Management Engineering, Precision Controls.",,krr@alpha-systems.com,1252,https://alpha-systems.com,,HQ,,
Alphacontractors.com,,interested@domainmarket.com,300,https://alphacontractors.com,,HQ,,
Alpha Group,,contact@alphagroup.com,11,https://alphagroup.com,,HQ,,
Tracking,,2062d0a4929b45348643784b5cb39c36@sentry.wixpress.com,11,https://alpha-grid.com,,HQ,,
Apex Grid,,marcus@loop.co,14,https://apex-grid.com,,HQ,,
Apex Partners,,contact@apex-partners.com,2013,https://apex-partners.com,,HQ,,
Domain Parking Page,,registrants@fasthosts.com,199510482,https://alpha-force.com,,HQ,,
For Sale Domain: Apex,,contact@apex-hub.com,568,https://apex-hub.com,,HQ,,
Home,,info@alphasystems.com,16344,https://alphasystems.com,,HQ,,
Apex Shine,,contact@apex-shine.com,57,https://apex-shine.com,,HQ,,
Welcome To Apex Solutions,,info@apex-solutions.com,8859,https://apex-solutions.com,,HQ,,
Apex,,contact@apex-systems.com,1999,https://apex-systems.com,,HQ,,
Home,,8c4075d5481d476e945486754f783364@sentry.io,11,https://alpharenewables.com,,HQ,,
Apexforce Solar,,contact@apexforce.com,+1 (555) 123-4567,https://apexforce.com,,HQ,,
Apexgrid Solar,,contact@apexgrid.com,+1 (555) 123-4567,https://apexgrid.com,,HQ,,
Apex Group,,%20privacy@apexauctions.com,400,https://apex-group.com,,HQ,,
Home,,contact@alphagrid.com,8475,https://alphagrid.com,,HQ,,
Apexsolutions Solar,,contact@apexsolutions.com,+1 (555) 123-4567,https://apexsolutions.com,,HQ,,
备案,,contact@apex-ray.com,+1 (202) 170-4706,https://apex-ray.com,,HQ,,
Apexsource Solar,,contact@apexsource.com,+1 (555) 123-4567,https://apexsource.com,,HQ,,
Apex Force,,info@apex-force.com,11,https://apex-force.com,,HQ,,
Apex Group,,contact@apexgroup.com,57,https://apexgroup.com,,HQ,,
Best-energy Solar,,contact@best-energy.com,+1 (555) 123-4567,https://best-energy.com,,HQ,,
"Apexshine Cleaning Tech – Clean Homes, Clear Minds",,saif.hyder@apexshine.com,11,https://apexshine.com,,HQ,,
Best,,contact@best-electric.com,2026,https://best-electric.com,,HQ,,
Apex Technology,,customerservice@apextechnology.com,11,https://apextechnology.com,,HQ,,
Apex-wave Solar,,contact@apex-wave.com,20,https://apex-wave.com,,HQ,,
Workers Compensation Premium Recovery,,simon@apexservices.com,1999,https://apexservices.com,,HQ,,
Best Light Communication,,contact@best-light.com,400,https://best-light.com,,HQ,,
Best-services Solar,,contact@best-services.com,+1 (555) 123-4567,https://best-services.com,,HQ,,
Best-solutions Solar,,contact@best-solutions.com,+1 (555) 123-4567,https://best-solutions.com,,HQ,,
Free Porn Videos,,contact@best-hub.com,32000,https://best-hub.com,,HQ,,
Medical Radioisotopes Supplier,,contact@alpha-source.com,2026,https://alpha-source.com,,HQ,,
Best-technology Solar,,contact@best-technology.com,+1 (555) 123-4567,https://best-technology.com,,HQ,,
Best,,contact@best-partners.com,65,https://best-partners.com,,HQ,,
"Best Solar Panels, Best Solar Inverters, Best Solar Battery, Best Solar Company, Best Solar System",,info@best-solar.com,1999,https://best-solar.com,,HQ,,
Best Source,,service@best-source.com,20240620,https://best-source.com,,HQ,,
Residential Solar Panel Installation London,,info@best-renewables.com,18190936844,https://best-renewables.com,,HQ,,
Probo Medical,,contact@alphasource.com,11,https://alphasource.com,,HQ,,
Alphashine.com Is For Sale,,contact@alphashine.com,2021,https://alphashine.com,,HQ,,
Find Trusted Contractors For Your Home,,contact@bestcontractors.com,2025,https://bestcontractors.com,,HQ,,
金湖彩铝集团,,benson@jinhucorp.com,123,https://best-shine.com,,HQ,,
Best Systems,,nekaj@nekaj.si,615,https://best-systems.com,,HQ,,
Best Teleprodukter,,info@best.se,699,https://bestgroup.com,,HQ,,
Site Not Found · Dreamhost,,contact@bestenergy.com,215613517,https://bestenergy.com,,HQ,,
Bestinstallers.com,,interested@domainmarket.com,300,https://bestinstallers.com,,HQ,,
Bestservices Solar,,contact@bestservices.com,+1 (555) 123-4567,https://bestservices.com,,HQ,,
Bestpv.com For Sale,,contact@bestpv.com,3490,https://bestpv.com,,HQ,,
Home,,info@apexpartners.com,11,https://apexpartners.com,,HQ,,
Bestsystems Solar,,contact@bestsystems.com,+1 (555) 123-4567,https://bestsystems.com,,HQ,,
Thang Máng Cáp,,huyen@bestray.com,1999,https://bestray.com,,HQ,,
Technology News & Trends,,contact@bestgrid.com,1518770660439,https://bestgrid.com,,HQ,,
銓興電機股份有限公司,,echo@best-panels.com,1999,https://best-panels.com,,HQ,,
Best Light Srl,,info@bestlight.com,252,https://bestlight.com,,HQ,,
Besttechnology.com,,contact@besttechnology.com,100,https://besttechnology.com,,HQ,,
Bestsolar,,ccpa@bestsolar.com,400,https://bestsolar.com,,HQ,,
Blue-grid Solar,,contact@blue-grid.com,+1 (555) 123-4567,https://blue-grid.com,,HQ,,
Best Technology Inc,,sales@besttech.com,10,https://besttech.com,,HQ,,
Site Not Found · Dreamhost,,contact@bestsource.com,215613517,https://bestsource.com,,HQ,,
Blueforce Ltd,,wweeiihhuuaanngg@gmail.com,21,https://blue-force.com,,HQ,,
Blue-services Solar,,contact@blue-services.com,+1 (555) 123-4567,https://blue-services.com,,HQ,,
Best Wave,,bestwaveguest@bestwave.com,8859,https://bestwave.com,,HQ,,
Blu,,contact@blue-ray.com,1999,https://blue-ray.com,,HQ,,
株式会社ベストフードカンパニー – 東京都足立区にある業務用野菜の配送から直営飲食店、飲食店の販促サポートまでをトータルに手がける飲食業のトータルサポート集団です。,,info@best-food.co.jp,8211,https://best-wave.com,,HQ,,
元鼎证券_线上实盘炒股配资开户,,contact@blue-solar.com,12,https://blue-solar.com,,HQ,,
Waste Recycling Systems And Materials Processing Equipment,,sales@bluegroup.co.uk,3717,https://blue-group.com,,HQ,,
Blueelectric Solar,,contact@blueelectric.com,+1 (555) 123-4567,https://blueelectric.com,,HQ,,
Accueil,,devis@blue-light.fr,11,https://blue-light.com,,HQ,,
Blue-energy Solar,,contact@blue-energy.com,+1 (555) 123-4567,https://blue-energy.com,,HQ,,
Coming Soon – Best Electrical,,bestelectricalsales@hotmail.co.uk,8211,https://bestelectrical.com,,HQ,,
Blue-power Solar,,contact@blue-power.com,+1 (555) 123-4567,https://blue-power.com,,HQ,,
Blue Solutions,,dpo@blue-solutions.fr,2025,https://blue-solutions.com,,HQ,,
Blue Grid 2026,,asset-2@4x.png,2026,https://bluegrid.com,,HQ,,
Bluerenewables Solar,,contact@bluerenewables.com,+1 (555) 123-4567,https://bluerenewables.com,,HQ,,
Bluesolar Solar,,contact@bluesolar.com,+1 (555) 123-4567,https://bluesolar.com,,HQ,,
Blueservices.com For Sale,,contact@blueservices.com,100,https://blueservices.com,,HQ,,
Bluepv Solar,,contact@bluepv.com,9999,https://bluepv.com,,HQ,,
Bluesolutions.com For Sale,,contact@bluesolutions.com,100,https://bluesolutions.com,,HQ,,
Home,,chris@blueelectrical.com,1999,https://blueelectrical.com,,HQ,,
Bluetechnology Solar,,contact@bluetechnology.com,+1 (555) 123-4567,https://bluetechnology.com,,HQ,,
Blueshine.com,,csy@systempia.com,1100,https://blueshine.com,,HQ,,
Bright-electric Solar,,contact@bright-electric.com,+1 (555) 123-4567,https://bright-electric.com,,HQ,,
Blue Wave,,info@blue-wave.com,400,https://blue-wave.com,,HQ,,
Bright-energy Solar,,contact@bright-energy.com,+1 (555) 123-4567,https://bright-energy.com,,HQ,,
Solflo Energy: Leading Solar Contractor In Tampa Bay,,info@solfloenergy.com,,https://www.solfloenergy.com,,Tampa,,
Tampa Bay Solar : Best Solar Company Florida,Privacy Policy - Tampa Bay Solar,info@tampabaysolar.com,,https://tampabaysolar.com,,Tampa,https://www.linkedin.com/company/tampa-bay-solar/,https://www.facebook.com/tampabaysolar/
Sunrenu Solar,Sunrenu Solar,support@sunrenu.com,,https://sunrenu.com,,Arizona,https://www.linkedin.com/company/sunrenu-solar/,
Gensolar,,info@gensolar.net,,https://www.gensolar.net,,Alaska,,
Southern Solar Systems,Southern Solar,contact@southernsolarsystems.com,,https://southernsolarsys.com,,Alabama,,
Commercial And Industrial Solar,Commercial And Industrial Solar,info@opal.energy,,https://www.opal.energy,"Afed37706/652c45669c1f4e8c4112a81d_opal-homepage-video-v2-poster-00001.jpg"" Data-video-urls=""https://cdn.prod.website-files.com/65",Alabama,https://www.linkedin.com/company/opal-energy-group,https://www.facebook.com/OpalEnergyGroup/
Commercial Solar Installation Services,"Copyright 2024 Google, Inc",traceyschafer@jkrenewables.com,77661448,https://jkrenewables.us,,Alabama,https://www.linkedin.com/company/jk-renewables/mycompany/,https://www.facebook.com/solarmadesimpleJK
Leading Solar Solutions In Arizona,Your Data Privacy At Sun Valley Solar,marketing@sunvalleysolar.com,,https://www.sunvalleysolar.com,,Arizona,https://www.linkedin.com/company/sun-valley-solar-solutions,https://www.facebook.com/SVSSolutions
Commercial And Residential Solar In Arkansas,,admin@deltasolar.com,,https://deltasolar.com,,Arkansas,,
Commercial Solar Company Scottsdale Az,Your Renewable Energy,concierge@watthub.com,,https://watthub.com,,Arizona,,https://www.facebook.com/watthub/
Premier Alabama Solar Group,Premier Alabama Solar Group,jessecisneros@premieralabamasolar.com,,https://premieralabamasolar.com,"55-.06-8.374-.008"" Transform=""rotate(90 126.65 129.331) Scale(10.66667)"" Fill-rule=""evenodd"" Stroke-miterlimit=""10"" Font-family=""n",Alabama,,
Commercial & Industrial Solar Contractors,Contact Commercial Solar,,106024978356601,https://www.comsolaraz.com,,Arizona,,
Commercial Solar Az,Commercial Solar,info@epcsolaraz.com,,https://commercialsolaraz.com,,Arizona,https://www.linkedin.com/company/epcsolarllcaz/,https://www.facebook.com/epcsolarllcaz
"Solar Energy Company, Pensacola, Fl",About Compass Solar Energy - Best Solar,info@compasssolar.com,,https://compasssolar.com,,Alabama,https://www.linkedin.com/company/compass-solar-energy-inc-/about/,https://www.facebook.com/compasssolar/
Home,Ozark Solar Energy,8eb368c655b84e029ed79ad7a5c1718e@sentry.wixpress.com,,https://www.ozarksolarenergy.com,,Arkansas,,https://www.facebook.com/OzarkSolarLlc
Commercial Solar California,Commercial Solar,info@info.promiseenergy.com,,https://promiseenergy.com,,California,https://www.linkedin.com/company/promise-energy,https://www.facebook.com/promiseenergy
Revel Energy,Privacy Policy - Revel Energy,marketing@revel-energy.com,,https://revel-energy.com,,California,https://www.linkedin.com/company/revel-energy/,https://www.facebook.com/RevelEnergy
The Best Solar Power For Your Home,Privacy Policy - California Solar,info@californiasolarguide.com,,https://www.californiasolarguide.com,,California,,
Residential & Commercial Solar Installation,Get A Free Solar,john@company.com,,https://www.keenenergyusa.com,,California,,
"""free Solar Panels""","Solar Panels Installation,get Solar",privacy@free-solarpanels.com,,https://free-solarpanels.com,,Colorado,,
Solar Engineering Company,Contact A Solar,hello@sepisolar.com,,https://www.sepisolar.com,,Arizona,,
Sunistics Group,Sunistics Group,customer@sunisticsgroup.com,,https://www.sunisticsgroup.com,"U+2981, U+29bf, U+29eb, U+2b00-2bff, U+4dc0-4dff, U+fff9-fffb, U+10140-1018e, U+10190-1019c, U+101a0, U+101d0-101fd, U+102e0-102fb",California,https://www.linkedin.com/company/sunistics,
Professional Commercial Solar Systems 4 California,Professional Commercial Solar,info@solarebi.com,,https://solarenergybuilders.com,,California,,https://www.facebook.com/Solar-Energy-Builders-608723233119392
Residential Solar Installation Across The U.s.,Learn About Solar,sales@ionsolar.com,,https://www.ionsolar.com,"G/2000/svg""> <path Fill-rule=""evenodd"" Clip-rule=""evenodd"" D=""m2.55806 6.29544c2.46043 6.19781 2.46043 6.03952 2.55806 5.94189l3.4",Connecticut,https://www.linkedin.com/company/ionsolar/,https://www.facebook.com/IonSolar
Residential Solar Panel Installation Company,Solarise Solar,info@solarisesolar.com,,https://www.solarisesolar.com,,Colorado,,https://www.facebook.com/SolariseSolarCO
Colorado's Best Solar Company,S Best Solar,info@gogreenelectric.com,,https://www.gogreenelectricinc.com,,Colorado,,https://www.facebook.com/GoGreenElectricSolar/
Solar Company Orlando Fl,Compare A Local Orlando Solar,your@email.com,,https://www.radiantenergysolar.com,,Orlando,https://www.linkedin.com/company/radiant-energy-solar/posts/?feedView=all,https://www.facebook.com/p/Radiant-Energy-and-Solar-61551206938377/
"Solar Energy Contractor Serving Orlando, Fl",Call Green Nation Solar,privacy@web.com,,https://www.orlandoflsolar.com,,Orlando,,
Solar Contractors Florida Llc,Solar Contractors Florida LLC,info@solarcontractorsfl.com,,https://solarcontractorsflorida.com,,Orlando,,
Sunrun,Sunrun Inc,legalnotices@sunrun.com,,https://www.sunrun.com,,Orlando,https://www.linkedin.com/company/sunrun/,https://www.facebook.com/sunrun
Watthive,Your Personal Information When You Use Our Solar,support@watthive.com,,https://www.watthive.com,"Ath><path D=""m0 0c0 138.071-111.929",Baltimore,https://www.linkedin.com/company/watthive/,https://www.facebook.com/watthive
Residential & Commercial Solar Installer,Privacy Policy To Understand How Solar,contact@solarpowerpros.com,,https://solarpowerpros.com,,Colorado,https://www.linkedin.com/company/solar-power-pros-inc,https://www.facebook.com/SolarPowerPros/
Sunvena Solar: Best Solar Energy Company In Florida,About Sunvena Solar,support@sunvena.com,,https://sunvena.com,,Orlando,,https://www.facebook.com/sunvena
Solar Panels In Orlando Fl,Read The Privacy Policy For Solar,billing@seobeyondorganic.com,,https://solarpanelsorlandoflorida.com,,Orlando,,
Greentech Renewables,"And Equipment, Greentech Renewables Helps Solar",hello@greentechrenewables.com,,https://www.greentechrenewables.com,,Colorado,https://www.linkedin.com/company/greentechrenewables/,https://www.facebook.com/greentechrenewablesofficial
